<?xml version="1.0"?>
<!--
/**
 * (c) Redbox Parcel Lockers <thamer@redboxsa.com>
 * This source file is subject to the license that is bundled
 * with this source code in the file LICENSE.
 *
 * Built by Redbox Technologies, <thamer@redboxsa.com>
 */
-->

<config xmlns:xsi="http://www.w3.org/2001/XMLSchema-instance" xsi:noNamespaceSchemaLocation="urn:magento:framework:Module/etc/module.xsd">
    <module name="Redbox_Portable" setup_version="1.0.0">
        <sequence>
            <module name="Magento_Integration"/>
            <module name="Magento_Checkout"/>
            <module name="Magento_Paypal"/>
            <module name="Magento_Sales"/>
        </sequence>
    </module>
</config>
