<?xml version="1.0"?>
<config xmlns:xsi="http://www.w3.org/2001/XMLSchema-instance" xsi:noNamespaceSchemaLocation="urn:magento:module:Magento_Config:etc/system_file.xsd">
    <system>
        <section id="carriers">
            <group id="redboxportable" translate="label" type="text" sortOrder="1" showInDefault="1" showInWebsite="1" showInStore="1">
                <label>RedBox Portable</label>
                <field id="active" translate="label" type="select" sortOrder="1" showInDefault="1" showInWebsite="1" showInStore="1" canRestore="1">
                    <label>Enabled</label>
                    <source_model>Magento\Config\Model\Config\Source\Yesno</source_model>
                </field>
                <field id="production" translate="label" type="select" sortOrder="2" showInDefault="1" showInWebsite="1" showInStore="1" canRestore="1">
                    <label>Production Mode</label>
                    <source_model>Magento\Config\Model\Config\Source\Yesno</source_model>
                </field>
                <field id="title" translate="label" type="text" sortOrder="3" showInDefault="1" showInWebsite="1" showInStore="1" canRestore="1">
                    <label>Title</label>
                </field>
                <field id="name" translate="label" type="text" sortOrder="4" showInDefault="1" showInWebsite="1" showInStore="1" canRestore="1">
                    <label>Method Name</label>
                </field>
                <field id="description" translate="label" type="text" sortOrder="5" showInDefault="1" showInWebsite="1" showInStore="1" canRestore="1">
                    <label>Shipping Method Description</label>
                </field>
                <field id="price" translate="label" type="text" sortOrder="6" showInDefault="1" showInWebsite="1" showInStore="1" canRestore="1">
                    <label>Shipping Cost</label>
                    <validate>validate-number validate-zero-or-greater</validate>
                </field>
                <field id="amount" translate="label" type="text" sortOrder="7" showInDefault="1" showInWebsite="1" showInStore="1" canRestore="1">
                    <label>Minimum Order Amount</label>
                    <validate>validate-number validate-zero-or-greater</validate>
                </field>
                <field id="tax_including" translate="label" type="select" sortOrder="8" showInDefault="1" showInWebsite="1" showInStore="1" canRestore="1">
                    <label>Include Tax to Amount</label>
                    <source_model>Magento\Config\Model\Config\Source\Yesno</source_model>
                </field>
                <field id="api_token" translate="label" type="text" sortOrder="9" showInDefault="1" showInWebsite="1" showInStore="1" canRestore="1">
                    <label>API Token</label>
                </field>
                <field id="sallowspecific" translate="label" type="select" sortOrder="10" showInDefault="1" showInWebsite="1" canRestore="1">
                    <label>Ship to Applicable Countries</label>
                    <frontend_class>shipping-applicable-country</frontend_class>
                    <source_model>Magento\Shipping\Model\Config\Source\Allspecificcountries</source_model>
                </field>
                <field id="specificcountry" translate="label" type="multiselect" sortOrder="11" showInDefault="1" showInWebsite="1">
                    <label>Ship to Specific Countries</label>
                    <source_model>Magento\Directory\Model\Config\Source\Country</source_model>
                    <can_be_empty>1</can_be_empty>
                </field>
                <field id="showmethod" translate="label" type="select" sortOrder="12" showInDefault="1" showInWebsite="1">
                    <label>Show Method if Not Applicable</label>
                    <source_model>Magento\Config\Model\Config\Source\Yesno</source_model>
                    <frontend_class>shipping-skip-hide</frontend_class>
                </field>
                <field id="specificerrmsg" translate="label" type="textarea" sortOrder="13" showInDefault="1" showInWebsite="1" showInStore="1" canRestore="1">
                    <label>Displayed Error Message</label>
                </field>
                <field id="sort_order" translate="label" type="text" sortOrder="100" showInDefault="1" showInWebsite="1" showInStore="0">
                    <label>Sort Order</label>
                </field>
            </group>
        </section>
    </system>
</config>
